Date,Open,High,Low,Close,Volume,Adj Close
2015-04-24,34.21,34.32,33.96,34.01,41978400,34.01
2015-04-23,33.45,34.40,33.33,34.23,91136400,34.23
2015-04-22,32.78,32.89,32.55,32.86,28471500,32.86
2015-04-21,32.84,32.85,32.58,32.66,19711000,32.66
2015-04-20,32.65,32.87,32.65,32.83,24308900,32.83
2015-04-17,32.65,32.70,32.37,32.51,29660300,32.51
2015-04-16,32.76,32.90,32.70,32.75,17547600,32.75
2015-04-15,32.71,32.96,32.64,32.89,19851700,32.89
2015-04-14,32.92,32.93,32.62,32.69,18265100,32.69
2015-04-13,32.76,33.07,32.70,32.88,22731000,32.88
2015-04-10,32.77,32.83,32.65,32.77,15063600,32.77
2015-04-09,32.58,32.79,32.44,32.69,21073700,32.69
2015-04-08,32.73,32.85,32.57,32.65,21381200,32.65
2015-04-07,33.35,33.45,33.16,33.16,24005000,32.69
2015-04-06,33.15,33.41,33.06,33.33,22972500,32.85759
2015-04-02,32.90,33.23,32.82,33.13,19273900,32.66043
2015-04-01,32.62,32.91,32.54,32.89,25365000,32.42383
2015-03-31,32.97,33.03,32.65,32.65,27900200,32.18723
2015-03-30,32.82,33.04,32.80,32.97,18904300,32.50269
2015-03-27,32.94,32.95,32.70,32.75,20852700,32.28581
2015-03-26,32.63,33.13,32.61,32.82,30624200,32.35482
2015-03-25,33.02,33.11,32.62,32.62,29163100,32.15765
2015-03-24,33.23,33.42,33.07,33.07,20127200,32.60128
2015-03-23,33.37,33.68,33.28,33.28,23983800,32.8083
2015-03-20,33.27,33.60,33.21,33.23,38651800,32.75901
2015-03-19,33.51,33.51,33.18,33.20,19913700,32.72943
2015-03-18,32.93,33.59,32.69,33.59,47849300,33.11391
2015-03-17,32.85,33.12,32.77,32.90,23903200,32.43369
2015-03-16,32.79,33.10,32.68,33.06,20531500,32.59142
2015-03-13,32.99,33.03,32.60,32.76,26808000,32.29567
2015-03-12,32.84,33.21,32.70,33.13,27016800,32.66043
2015-03-11,32.88,32.89,32.52,32.62,29021600,32.15765
2015-03-10,33.26,33.26,32.75,32.78,32469500,32.31538
2015-03-09,33.45,33.59,33.31,33.35,19465200,32.87731
2015-03-06,33.58,33.77,33.37,33.48,39761500,33.00546
2015-03-05,34.15,34.20,33.99,34.00,14524100,33.51809
2015-03-04,34.45,34.45,33.97,34.00,23392300,33.51809
2015-03-03,34.53,34.65,34.35,34.41,20202400,33.92228
2015-03-02,34.56,34.65,34.21,34.64,21637600,34.14902
2015-02-27,34.42,34.58,34.38,34.56,19863600,34.07016
2015-02-26,34.12,34.59,34.06,34.50,23156200,34.01101
2015-02-25,34.13,34.22,33.98,34.21,17838200,33.72512
2015-02-24,33.75,34.12,33.60,34.05,19382000,33.56739
2015-02-23,33.97,34.05,33.74,33.85,23418800,33.37022
2015-02-20,34.06,34.08,33.82,34.08,21282000,33.59696
2015-02-19,34.48,34.48,34.03,34.09,18916000,33.60682
2015-02-18,34.73,34.73,34.35,34.49,17098600,34.00115
2015-02-17,34.60,34.73,34.45,34.71,19254600,34.21803
2015-02-13,34.55,34.73,34.37,34.66,16082400,34.16874
2015-02-12,34.41,34.62,34.24,34.61,19865600,34.11945
2015-02-11,34.79,34.83,34.25,34.39,31904300,33.90257
2015-02-10,34.86,35.07,34.79,34.85,19874100,34.35604
2015-02-09,34.71,34.91,34.59,34.64,20110600,34.14902
2015-02-06,34.49,35.05,34.41,34.87,27513600,34.37576
2015-02-05,34.49,34.60,34.32,34.54,19076400,34.05044
2015-02-04,34.33,34.75,34.23,34.41,29862300,33.92228
2015-02-03,33.66,34.34,33.65,34.34,41631400,33.85328
2015-02-02,33.31,33.62,32.80,33.56,37289500,33.08433
2015-01-30,32.77,33.43,32.72,32.92,56280900,32.4534
2015-01-29,32.68,33.10,32.41,32.96,31071400,32.49284
2015-01-28,33.47,33.64,32.64,32.68,45847700,32.2168
2015-01-27,33.09,33.12,32.81,32.81,30806100,32.34496
2015-01-26,33.32,33.34,33.05,33.18,28533500,32.70972
2015-01-23,33.80,33.80,33.34,33.37,25450000,32.89702
2015-01-22,33.84,33.93,33.29,33.79,34756100,33.31107
2015-01-21,33.81,34.23,33.65,34.00,34849300,33.51809
2015-01-20,33.87,33.96,33.55,33.95,20257900,33.4688
2015-01-16,33.14,33.86,33.14,33.80,37526900,33.32093
2015-01-15,33.33,33.67,33.18,33.26,25800900,32.78858
2015-01-14,33.28,33.45,33.04,33.33,22093500,32.85759
2015-01-13,33.72,33.92,33.27,33.49,24260300,33.01532
2015-01-12,33.59,33.76,33.48,33.49,20169900,33.01532
2015-01-09,33.62,33.69,33.39,33.40,21492500,32.9266
2015-01-08,33.24,33.58,33.15,33.50,22799800,33.02518
2015-01-07,33.58,33.59,32.73,33.17,31660000,32.69986
2015-01-06,33.77,33.81,33.35,33.60,29595800,32.66042
2015-01-05,33.87,33.92,33.52,33.55,30429100,32.61182
2015-01-02,33.59,33.97,33.59,33.87,20564000,32.92287
2014-12-31,33.98,34.08,33.54,33.59,24178100,32.65071
2014-12-30,34.09,34.20,34.03,34.08,12369700,33.12701
2014-12-29,34.07,34.27,34.02,34.11,12708100,33.15617
2014-12-26,34.05,34.23,33.98,34.17,11486800,33.21449
2014-12-24,34.02,34.19,33.93,33.96,8831900,33.01036
2014-12-23,34.07,34.16,33.91,34.03,19399200,33.0784
2014-12-22,33.66,33.98,33.57,33.85,22690700,32.90343
2014-12-19,33.48,33.76,33.35,33.54,40198300,32.6021
2014-12-18,33.02,33.51,32.85,33.51,37622700,32.57294
2014-12-17,32.22,32.80,32.16,32.67,28939700,31.75643
2014-12-16,32.24,32.81,32.12,32.14,28952100,31.24125
2014-12-15,32.32,32.44,32.07,32.25,29995700,31.34818
2014-12-12,32.52,32.58,32.16,32.16,30070400,31.26069
2014-12-11,32.62,33.05,32.57,32.71,28024700,31.79531
2014-12-10,32.89,32.89,32.41,32.49,34766700,31.58147
2014-12-09,33.31,33.33,32.40,32.89,59255500,31.97028
2014-12-08,33.98,34.09,33.85,33.88,17080000,32.9326
2014-12-05,33.88,33.95,33.72,33.94,18893400,32.99092
2014-12-04,34.08,34.10,33.75,33.91,22992100,32.96176
2014-12-03,34.25,34.26,33.92,34.00,30742700,33.04924
2014-12-02,34.89,35.01,34.17,34.29,36826400,33.33113
2014-12-01,35.28,35.37,34.91,35.06,19951000,34.0796
2014-11-28,35.28,35.57,35.23,35.38,12650500,34.39065
2014-11-26,34.89,35.20,34.86,35.13,14142900,34.14764
2014-11-25,34.65,34.85,34.30,34.82,29342100,33.84631
2014-11-24,34.98,35.10,34.22,34.70,36677200,33.72967
2014-11-21,35.48,35.50,34.99,35.28,28261900,34.29345
2014-11-20,35.35,35.44,35.19,35.28,12248600,34.29345
2014-11-19,35.63,35.66,35.18,35.37,19341900,34.38093
2014-11-18,35.77,35.87,35.62,35.72,17122500,34.72115
2014-11-17,35.86,35.90,35.63,35.85,12957700,34.84751
2014-11-14,35.64,36.15,35.60,35.90,20552800,34.89611
2014-11-13,35.37,35.90,35.29,35.61,20900400,34.61422
2014-11-12,35.05,35.44,34.96,35.40,18750000,34.41009
2014-11-11,35.15,35.15,34.80,35.10,12293600,34.11848
2014-11-10,35.06,35.14,34.66,35.12,17921700,34.13792
2014-11-07,34.71,34.97,34.53,34.91,17983700,33.93379
2014-11-06,34.90,34.95,34.52,34.72,17443700,33.74911
2014-11-05,34.94,34.96,34.71,34.92,15587500,33.94351
2014-11-04,34.97,35.08,34.64,34.79,17839600,33.81715
2014-11-03,34.97,35.03,34.61,34.84,22213400,33.86575
2014-10-31,34.76,34.85,34.58,34.84,24030300,33.86575
2014-10-30,34.27,34.55,34.12,34.51,18481800,33.54498
2014-10-29,34.40,34.65,34.17,34.40,22629600,33.43806
2014-10-28,34.31,34.41,34.08,34.33,26016800,33.37001
2014-10-27,33.88,34.24,33.86,34.11,25358800,33.15617
2014-10-24,33.62,33.94,33.32,33.87,29835100,32.92287
2014-10-23,34.04,34.11,33.45,33.66,55879200,32.71875
2014-10-22,34.78,34.79,34.38,34.50,24963100,33.53526
2014-10-21,34.27,34.66,34.09,34.62,21768900,33.6519
2014-10-20,34.08,34.29,33.84,34.28,15258700,33.32141
2014-10-17,33.76,34.20,33.66,34.08,24470600,33.12701
2014-10-16,33.63,33.83,33.25,33.64,29219100,32.69931
2014-10-15,33.68,33.98,33.10,33.87,48558700,32.92287
2014-10-14,33.88,34.06,33.72,33.84,22636600,32.89371
2014-10-13,34.17,34.34,33.82,33.82,23641800,32.87428
2014-10-10,34.76,34.80,34.24,34.25,28941200,33.29225
2014-10-09,35.10,35.22,34.60,34.66,21607500,33.69078
2014-10-08,34.92,35.17,34.62,35.15,25150700,34.16708
2014-10-07,35.53,35.61,35.31,35.33,21393600,33.89491
2014-10-06,35.56,35.73,35.36,35.49,22122900,34.04841
2014-10-03,35.26,36.16,35.08,35.36,20777600,33.92369
2014-10-02,35.04,35.12,34.82,34.97,24826300,33.54953
2014-10-01,35.09,35.23,34.93,34.96,28857900,33.53994
2014-09-30,35.26,35.40,35.10,35.24,20015500,33.80857
2014-09-29,35.14,35.27,34.97,35.23,14973000,33.79897
2014-09-26,35.20,35.34,34.96,35.28,14351300,33.84694
2014-09-25,35.42,35.43,34.98,35.08,21239000,33.65507
2014-09-24,35.33,35.49,35.18,35.40,13312300,33.96207
2014-09-23,35.46,35.51,35.23,35.26,16803200,33.82775
2014-09-22,35.46,35.55,35.29,35.50,16421200,34.05801
2014-09-19,35.35,35.48,35.23,35.47,21894300,34.02922
2014-09-18,35.12,35.24,35.01,35.16,17230500,33.73182
2014-09-17,35.02,35.19,34.83,35.02,17137200,33.5975
2014-09-16,34.61,35.01,34.58,34.95,15655300,33.53035
2014-09-15,34.61,34.78,34.42,34.69,14689900,33.28091
2014-09-12,34.83,34.91,34.36,34.50,20210100,33.09863
2014-09-11,34.61,34.88,34.50,34.85,16024800,33.43441
2014-09-10,34.73,34.78,34.39,34.70,17719800,33.2905
2014-09-09,35.04,35.06,34.55,34.66,18782300,33.25212
2014-09-08,35.12,35.12,34.90,35.01,10786300,33.58791
2014-09-05,34.95,35.26,34.88,35.15,17799000,33.72223
2014-09-04,34.98,35.00,34.82,34.94,12483900,33.52075
2014-09-03,34.95,35.00,34.82,34.97,13026600,33.54953
2014-09-02,34.93,35.00,34.70,34.84,12691200,33.42482
2014-08-29,34.73,34.96,34.62,34.96,12709000,33.53994
2014-08-28,34.66,34.75,34.56,34.74,10539700,33.32888
2014-08-27,34.59,34.79,34.54,34.75,14853400,33.33847
2014-08-26,34.60,34.65,34.46,34.50,14805600,33.09863
2014-08-25,34.52,34.66,34.45,34.51,17321500,33.10822
2014-08-22,34.56,34.63,34.35,34.50,14285400,33.09863
2014-08-21,34.53,34.75,34.51,34.64,15931900,33.23294
2014-08-20,34.54,34.56,34.44,34.53,12549500,33.12741
2014-08-19,34.69,34.69,34.33,34.48,20478400,33.07944
2014-08-18,34.87,34.90,34.57,34.65,18496100,33.24253
2014-08-15,34.93,34.97,34.46,34.74,26952100,33.32888
2014-08-14,34.83,34.93,34.60,34.91,14588800,33.49197
2014-08-13,34.75,34.83,34.50,34.69,15951400,33.28091
2014-08-12,34.58,34.70,34.48,34.64,15322900,33.23294
2014-08-11,34.69,34.76,34.41,34.47,14724900,33.06985
2014-08-08,34.30,34.50,34.18,34.47,18771100,33.06985
2014-08-07,34.75,34.79,34.17,34.21,20749200,32.8204
2014-08-06,35.00,35.02,34.36,34.62,35941100,33.21375
2014-08-05,35.36,35.46,35.01,35.11,19505100,33.68385
2014-08-04,35.37,35.53,35.20,35.46,21300200,34.01963
2014-08-01,35.78,35.82,35.28,35.33,23962400,33.89491
2014-07-31,36.05,36.21,35.51,35.59,34603600,34.14435
2014-07-30,36.45,36.63,36.07,36.36,20446300,34.88307
2014-07-29,37.43,37.48,36.46,36.59,92453000,35.10373
2014-07-28,35.55,35.77,35.50,35.65,20593000,34.20192
2014-07-25,35.37,35.70,35.36,35.54,18663300,34.09638
2014-07-24,35.43,35.72,35.03,35.50,45151800,34.05801
2014-07-23,35.90,35.96,35.80,35.88,15179800,34.42257
2014-07-22,36.03,36.10,35.77,35.94,18185700,34.48013
2014-07-21,36.07,36.16,35.88,35.96,20917400,34.49932
2014-07-18,36.18,36.19,36.00,36.17,16132500,34.70079
2014-07-17,36.27,36.47,35.98,36.03,19143000,34.56647
2014-07-16,36.45,36.55,36.33,36.45,20223000,34.96942
2014-07-15,35.95,36.35,35.92,36.24,34987200,34.76795
2014-07-14,35.86,35.94,35.71,35.86,12564400,34.40339
2014-07-11,35.72,35.83,35.57,35.76,11559400,34.30744
2014-07-10,35.38,35.77,35.38,35.70,14594000,34.24988
2014-07-09,35.70,35.72,35.51,35.65,15910100,34.20192
2014-07-08,35.54,35.73,35.41,35.56,20139500,34.11557
2014-07-07,35.90,36.10,35.85,36.02,19577000,34.11557
2014-07-03,35.85,35.87,35.69,35.84,11681200,33.94509
2014-07-02,35.48,35.67,35.43,35.67,14225800,33.78407
2014-07-01,35.23,35.53,35.15,35.48,21774600,33.60412
2014-06-30,35.40,35.55,35.33,35.36,19118700,33.49047
2014-06-27,35.17,35.43,35.10,35.41,20942300,33.53782
2014-06-26,35.31,35.31,35.10,35.26,15789800,33.39575
2014-06-25,35.22,35.29,35.10,35.26,15275400,33.39575
2014-06-24,35.39,35.58,35.21,35.29,21166100,33.42417
2014-06-23,35.57,35.57,35.26,35.39,14507600,33.51888
2014-06-20,35.63,35.75,35.35,35.39,28984000,33.51888
2014-06-19,35.25,35.39,35.20,35.36,19514000,33.49047
2014-06-18,35.02,35.21,34.97,35.20,20301100,33.33892
2014-06-17,35.02,35.15,34.95,35.02,17310300,33.16844
2014-06-16,34.97,35.09,34.90,34.98,14109700,33.13055
2014-06-13,34.92,35.15,34.78,35.03,19976700,33.17791
2014-06-12,34.84,34.87,34.62,34.83,19062400,32.98849
2014-06-11,34.95,35.04,34.80,34.81,16329600,32.96955
2014-06-10,34.92,35.10,34.86,34.94,17694200,33.09267
2014-06-09,35.05,35.12,34.94,35.01,17660300,33.15897
2014-06-06,35.07,35.10,34.89,35.02,17130700,33.16844
2014-06-05,35.07,35.13,34.80,35.10,22265300,33.24421
2014-06-04,35.20,35.20,34.95,35.05,26906000,33.19685
2014-06-03,35.43,35.60,35.15,35.20,22262300,33.33892
2014-06-02,35.50,35.55,35.30,35.44,16222600,33.56623
2014-05-30,35.29,35.53,35.29,35.47,16164700,33.59465
2014-05-29,35.37,35.44,35.00,35.39,14166400,33.51888
2014-05-28,35.29,35.50,35.21,35.34,20503700,33.47152
2014-05-27,35.29,35.40,35.10,35.21,22452700,33.3484
2014-05-23,35.36,35.55,35.25,35.32,17373800,33.45258
2014-05-22,35.32,35.50,35.25,35.38,18026200,33.50941
2014-05-21,35.67,35.71,35.09,35.27,32682800,33.40522
2014-05-20,36.35,36.35,35.42,35.50,39979000,33.62306
2014-05-19,35.99,36.75,35.77,36.38,77607200,34.45654
2014-05-16,36.55,36.79,36.51,36.74,24018800,34.7975
2014-05-15,36.40,36.61,35.58,36.52,20337500,34.58913
2014-05-14,36.10,36.57,36.01,36.39,24179500,34.46601
2014-05-13,36.48,36.54,35.89,36.20,34252300,34.28605
2014-05-12,36.73,36.74,36.16,36.57,23982100,34.63649
2014-05-09,36.38,36.51,36.18,36.44,15015500,34.51336
2014-05-08,35.89,36.86,35.80,36.40,36474100,34.47548
2014-05-07,35.56,35.96,35.52,35.76,20267000,33.86932
2014-05-06,35.76,35.76,35.48,35.49,21487700,33.61359
2014-05-05,35.58,35.76,35.44,35.76,15938700,33.86932
2014-05-02,35.70,35.80,35.52,35.63,15943400,33.74619
2014-05-01,35.75,36.00,35.41,35.58,27837400,33.69883
2014-04-30,35.43,35.74,35.26,35.70,22553300,33.81249
2014-04-29,35.32,35.48,35.05,35.42,20731900,33.54729
2014-04-28,34.67,35.15,34.56,35.08,29626400,33.22527
2014-04-25,34.43,34.55,34.32,34.49,21984700,32.66647
2014-04-24,35.00,35.10,34.45,34.50,36619900,32.67593
2014-04-23,35.01,35.35,34.46,34.92,59638700,33.07373
2014-04-22,36.10,36.41,35.96,36.29,32001000,34.3713
2014-04-21,36.08,36.17,35.86,36.06,18756500,34.15346
2014-04-17,36.03,36.23,35.92,36.04,25311800,34.13451
2014-04-16,35.76,36.11,35.70,36.10,24216900,34.19134
2014-04-15,35.35,35.68,35.33,35.68,26484300,33.79354
2014-04-14,35.28,35.37,35.06,35.36,15456600,33.49047
2014-04-11,35.13,35.32,35.01,35.20,34551600,33.33892
2014-04-10,35.15,35.43,34.97,35.12,35424600,33.26315
2014-04-09,35.25,35.27,34.74,34.92,30493000,33.07373
2014-04-08,35.05,35.27,34.91,35.27,29291700,33.40522
2014-04-07,35.54,35.79,35.49,35.49,32673300,33.17791
2014-04-04,35.83,35.88,35.50,35.55,29350200,33.234
2014-04-03,35.45,35.67,35.35,35.63,25397900,33.30879
2014-04-02,35.16,35.48,35.04,35.37,28086800,33.06573
2014-04-01,35.01,35.14,34.65,35.09,28773700,32.80397
2014-03-31,35.30,35.50,34.99,35.07,30486500,32.78527
2014-03-28,35.08,35.17,34.77,35.07,24745300,32.78527
2014-03-27,34.66,35.03,34.60,34.96,33382700,32.68244
2014-03-26,34.91,35.03,34.61,34.61,38594500,32.35524
2014-03-25,34.38,34.89,34.37,34.72,33408500,32.45808
2014-03-24,34.41,34.76,34.23,34.46,53804800,32.21502
2014-03-21,34.34,34.80,34.13,34.30,51002700,32.06544
2014-03-20,33.07,34.14,33.01,34.09,62615900,31.86912
2014-03-19,33.02,33.34,32.82,32.96,31803400,30.81273
2014-03-18,32.93,33.04,32.85,32.98,25998200,30.83143
2014-03-17,32.68,32.89,32.53,32.89,23584900,30.7473
2014-03-14,32.29,32.59,32.26,32.49,22368600,30.37336
2014-03-13,32.50,32.66,32.30,32.35,21708400,30.24247
2014-03-12,32.25,32.48,32.16,32.38,25024400,30.27052
2014-03-11,32.53,32.53,32.14,32.23,20731600,30.13029
2014-03-10,32.28,32.54,32.19,32.51,24935700,30.39205
2014-03-07,32.48,32.59,32.26,32.54,27103000,30.4201
2014-03-06,32.15,32.37,32.10,32.34,19531800,30.23313
2014-03-05,32.24,32.24,32.01,32.13,24144600,30.03681
2014-03-04,32.10,32.22,32.03,32.15,28444100,30.05551
2014-03-03,31.80,31.98,31.76,31.86,30481700,29.7844
2014-02-28,32.25,32.32,31.79,31.93,43468000,29.84984
2014-02-27,31.99,32.30,31.81,32.23,54923000,30.13029
2014-02-26,32.25,32.29,31.89,32.00,36742200,29.91528
2014-02-25,32.51,32.52,32.05,32.17,41048100,30.0742
2014-02-24,32.83,32.87,32.46,32.47,33499300,30.35466
2014-02-21,33.08,33.23,32.78,32.80,19327200,30.66316
2014-02-20,32.85,33.38,32.67,33.18,20488900,31.0184
2014-02-19,32.72,33.02,32.60,32.85,19410900,30.7099
2014-02-18,33.23,33.23,32.63,32.82,22311900,30.68186
2014-02-14,33.38,33.38,33.06,33.15,18274800,30.99036
2014-02-13,32.83,33.50,32.71,33.49,28062200,31.30821
2014-02-12,32.91,33.07,32.81,32.94,16554700,30.79404
2014-02-11,32.62,33.04,32.51,32.95,26228800,30.80339
2014-02-10,32.45,32.46,32.22,32.44,20621000,30.32661
2014-02-07,32.18,32.36,31.95,32.30,29170600,30.19573
2014-02-06,32.31,32.31,31.74,32.00,45322100,29.91528
2014-02-05,32.40,32.43,32.04,32.08,29793500,29.99007
2014-02-04,32.08,32.45,32.00,32.45,35940100,30.33596
2014-02-03,33.32,33.32,31.90,31.95,68010500,29.86854
2014-01-31,32.97,33.69,32.77,33.32,34211900,31.14928
2014-01-30,33.54,33.59,33.01,33.35,29077000,31.17733
2014-01-29,32.40,33.55,32.01,33.31,83139800,31.13993
2014-01-28,33.50,33.81,33.35,33.70,25457600,31.50453
2014-01-27,33.53,33.74,33.43,33.51,32786300,31.3269
2014-01-24,33.83,34.29,33.42,33.42,33184100,31.24277
2014-01-23,33.22,33.80,33.15,33.80,28463300,31.59801
2014-01-22,33.60,33.66,33.31,33.34,17411700,31.16798
2014-01-21,33.84,34.00,33.20,33.57,29421500,31.383
2014-01-17,34.03,34.03,33.68,33.70,23921700,31.50453
2014-01-16,33.89,34.08,33.81,33.96,16239000,31.74759
2014-01-15,33.66,34.00,33.55,33.79,25786400,31.58867
2014-01-14,33.33,33.55,33.16,33.48,22883600,31.29886
2014-01-13,33.59,33.65,33.20,33.30,29281000,31.13058
2014-01-10,33.74,33.81,33.51,33.62,25342100,31.42974
2014-01-09,34.24,34.24,33.51,33.54,36082200,31.35495
2014-01-08,34.45,34.60,34.10,34.24,37745500,32.00935
2014-01-07,35.13,35.15,34.91,34.95,25725100,32.24306
2014-01-06,35.01,35.05,34.80,34.96,20791500,32.25229
2014-01-03,35.15,35.16,34.61,34.80,24618300,32.10468
2014-01-02,35.24,35.29,34.95,34.95,20229900,32.24306
2013-12-31,35.17,35.28,34.96,35.16,18425400,32.43679
2013-12-30,35.03,35.30,35.01,35.20,14464600,32.4737
2013-12-27,35.06,35.25,34.96,35.18,14111600,32.45525
2013-12-26,34.98,35.18,34.94,35.16,11024400,32.43679
2013-12-24,34.74,34.98,34.70,34.95,7960000,32.24306
2013-12-23,34.46,34.77,34.42,34.69,19954900,32.0032
2013-12-20,34.49,34.62,34.26,34.30,34022200,31.6434
2013-12-19,34.29,34.47,34.13,34.45,20043000,31.78179
2013-12-18,33.88,34.44,33.63,34.38,25849700,31.71721
2013-12-17,34.20,34.29,33.76,33.85,23472800,31.22825
2013-12-16,34.06,34.51,34.06,34.15,21348700,31.50502
2013-12-13,33.88,33.95,33.60,33.85,24862800,31.22825
2013-12-12,34.05,34.13,33.75,33.89,21927000,31.26516
2013-12-11,34.40,34.45,33.92,33.95,27491400,31.32051
2013-12-10,34.79,34.91,34.39,34.40,18389100,31.73566
2013-12-09,34.51,34.73,34.27,34.69,18035700,32.0032
2013-12-06,34.53,34.58,34.30,34.53,19544900,31.85559
2013-12-05,34.42,34.56,34.21,34.25,25106700,31.59727
2013-12-04,34.34,34.65,34.20,34.60,27221600,31.92017
2013-12-03,34.77,34.79,34.52,34.74,17551000,32.04932
2013-12-02,35.18,35.21,34.80,34.80,23703700,32.10468
2013-11-29,35.48,35.53,35.20,35.21,9284700,32.48292
2013-11-27,35.29,35.42,35.20,35.41,11471300,32.66743
2013-11-26,35.40,35.54,35.27,35.28,14180900,32.5475
2013-11-25,35.46,35.55,35.32,35.37,14068600,32.63053
2013-11-22,35.26,35.42,35.05,35.42,16080400,32.67665
2013-11-21,35.45,35.58,35.18,35.30,23017700,32.56595
2013-11-20,35.87,35.93,35.33,35.40,17441400,32.65821
2013-11-19,35.64,35.83,35.56,35.72,12493700,32.95342
2013-11-18,35.47,35.64,35.37,35.60,15037700,32.84271
2013-11-15,35.12,35.48,35.10,35.43,17685500,32.68588
2013-11-14,35.10,35.38,35.06,35.16,13851200,32.43679
2013-11-13,35.00,35.17,34.85,35.07,22327200,32.35376
2013-11-12,35.15,35.32,34.97,35.17,19908700,32.44602
2013-11-11,35.15,35.25,34.97,35.03,12369600,32.31686
2013-11-08,35.00,35.17,34.56,35.17,29787300,32.44602
2013-11-07,35.82,35.82,35.03,35.11,29290300,32.39067
2013-11-06,35.77,36.00,35.72,35.82,20856300,33.04568
2013-11-05,36.25,36.33,35.52,35.53,33641900,32.77814
2013-11-04,36.45,36.52,36.18,36.45,20024000,33.62688
2013-11-01,36.50,36.80,36.16,36.24,41488500,33.43315
2013-10-31,36.25,36.49,36.00,36.20,28789000,33.39624
2013-10-30,36.32,36.40,35.96,36.26,21847100,33.4516
2013-10-29,35.66,36.47,35.65,36.27,45250300,33.46082
2013-10-28,35.27,35.57,35.24,35.57,23855600,32.81504
2013-10-25,34.65,35.24,34.65,35.19,21286500,32.46447
2013-10-24,35.01,35.01,34.23,34.63,33911200,31.94784
2013-10-23,35.07,35.34,34.91,35.28,27257600,32.5475
2013-10-22,35.35,35.38,35.06,35.23,23986400,32.50137
2013-10-21,35.02,35.30,34.88,35.22,29449400,32.49215
2013-10-18,34.52,34.88,34.37,34.61,30466400,31.92939
2013-10-17,34.37,34.44,34.13,34.44,22249600,31.77256
2013-10-16,33.90,34.20,33.89,34.20,18699800,31.55115
2013-10-15,33.87,34.12,33.71,33.71,16352900,31.0991
2013-10-14,33.98,34.10,33.87,33.92,18569600,31.29283
2013-10-11,34.13,34.25,33.93,34.20,23647400,31.55115
2013-10-10,34.09,34.15,33.58,34.15,23818100,31.50502
2013-10-09,33.23,34.10,33.15,33.75,33431200,31.136
2013-10-08,33.58,33.65,33.09,33.11,32798400,30.54557
2013-10-07,33.68,34.13,33.63,34.00,63369000,30.95149
2013-10-04,33.68,33.79,33.60,33.75,69721900,30.72391
2013-10-03,33.91,33.93,33.63,33.64,22437300,30.62377
2013-10-02,33.97,34.06,33.75,33.94,21510000,30.89687
2013-10-01,33.79,34.24,33.76,34.06,16759800,31.00611
2013-09-30,33.78,33.89,33.68,33.82,20819700,30.78763
2013-09-27,34.11,34.15,33.82,33.98,13997900,30.93328
2013-09-26,34.17,34.43,34.09,34.23,16494200,31.16087
2013-09-25,34.11,34.37,33.95,34.05,19111300,30.99701
2013-09-24,34.10,34.29,34.01,34.09,19233000,31.03342
2013-09-23,34.40,34.40,33.71,34.22,23220100,31.15177
2013-09-20,34.82,34.85,34.20,34.31,36732100,31.2337
2013-09-19,34.95,34.95,34.68,34.81,15692200,31.68887
2013-09-18,34.73,35.01,34.31,34.95,22818400,31.81631
2013-09-17,34.59,34.85,34.55,34.75,17798800,31.63424
2013-09-16,34.57,34.73,34.36,34.57,15869100,31.47038
2013-09-13,34.51,34.73,34.21,34.32,14228600,31.2428
2013-09-12,33.94,34.45,33.94,34.38,24637200,31.29742
2013-09-11,33.98,34.25,33.87,33.97,21088000,30.92418
2013-09-10,33.88,34.10,33.75,33.97,27691300,30.92418
2013-09-09,33.47,33.72,33.25,33.63,18992500,30.61467
2013-09-06,33.50,33.58,33.23,33.41,19689900,30.41439
2013-09-05,33.77,33.92,33.27,33.34,19837600,30.35067
2013-09-04,33.22,33.75,33.21,33.74,18719300,30.71481
2013-09-03,34.01,34.11,33.24,33.32,30766900,30.33246
2013-08-30,33.65,33.89,33.57,33.83,20389100,30.79674
2013-08-29,33.64,34.06,33.61,33.65,22239100,30.63288
2013-08-28,33.70,33.84,33.58,33.58,16659000,30.56915
2013-08-27,33.57,34.06,33.53,33.69,18669800,30.66928
2013-08-26,34.31,34.41,33.80,33.82,13925200,30.78763
2013-08-23,33.81,34.33,33.75,34.29,29728700,31.21549
2013-08-22,33.50,34.00,33.19,33.82,25915800,30.78763
2013-08-21,33.80,33.85,33.46,33.48,20549500,30.47812
2013-08-20,33.85,34.09,33.78,33.87,16153300,30.83315
2013-08-19,34.10,34.18,33.63,33.79,21122800,30.76032
2013-08-16,34.27,34.38,33.91,34.18,24561800,31.11535
2013-08-15,34.60,34.71,34.35,34.35,17793700,31.27011
2013-08-14,34.76,34.79,34.51,34.77,17403800,31.65245
2013-08-13,34.95,34.99,34.57,34.72,16207800,31.60694
2013-08-12,34.75,34.97,34.73,34.92,15988300,31.789
2013-08-09,35.26,35.31,34.75,34.80,21541600,31.67976
2013-08-08,35.66,35.72,35.12,35.29,17956300,32.12583
2013-08-07,35.42,35.73,35.42,35.59,13290600,32.39893
2013-08-06,35.62,35.66,35.41,35.48,12804200,32.29879
2013-08-05,35.70,35.85,35.57,35.67,10239000,32.47176
2013-08-02,35.60,35.78,35.51,35.77,21751400,32.56279
2013-08-01,35.65,35.82,35.37,35.72,18436200,32.51727
2013-07-31,35.43,35.58,35.22,35.27,21326100,32.10762
2013-07-30,36.00,36.07,35.41,35.42,19091300,32.24417
2013-07-29,35.64,36.00,35.57,35.88,16625400,32.66293
2013-07-26,35.41,35.70,35.31,35.60,14157900,32.40803
2013-07-25,35.18,35.57,35.16,35.46,22083700,32.28058
2013-07-24,35.39,35.50,34.93,35.40,30938800,32.22597
2013-07-23,35.75,35.95,35.50,35.81,22951700,32.59921
2013-07-22,35.77,35.89,35.54,35.58,19201200,32.38983
2013-07-19,35.83,35.85,35.52,35.81,21153500,32.59921
